File	X2
Ponto0.csv	40.612500
Ponto10.csv	1.156566
Ponto30.csv	0.502156
Ponto60.csv	0.299562
